rpm,T/Nm,P/W
0.0,51.0,0.0
18.01801801801802,51.0,96.22896416401169
36.03603603603604,51.0,192.45792832802337
54.054054054054056,51.0,288.68689249203504
72.07207207207207,51.0,384.91585665604674
90.0900900900901,51.0,481.14482082005844
108.10810810810811,51.0,577.3737849840701
126.12612612612614,51.0,673.6027491480818
144.14414414414415,51.0,769.8317133120935
162.1621621621622,51.0,866.0606774761053
180.1801801801802,51.0,962.2896416401169
198.19819819819818,51.0,1058.5186058041286
216.21621621621622,51.0,1154.7475699681402
234.23423423423426,51.0,1250.976534132152
252.25225225225228,51.0,1347.2054982961636
270.27027027027026,51.0,1443.4344624601752
288.2882882882883,51.0,1539.663426624187
306.30630630630634,51.0,1635.8923907881988
324.3243243243244,51.0,1732.1213549522106
342.34234234234236,51.0,1828.350319116222
360.3603603603604,51.0,1924.5792832802338
378.37837837837844,51.0,2020.8082474442456
396.39639639639637,51.0,2117.037211608257
414.4144144144144,51.0,2213.2661757722685
432.43243243243245,51.0,2309.4951399362803
450.4504504504505,51.0,2405.724104100292
468.46846846846853,51.0,2501.953068264304
486.48648648648646,51.0,2598.1820324283153
504.50450450450455,51.0,2694.410996592327
522.5225225225225,51.0,2790.639960756339
540.5405405405405,51.0,2886.8689249203503
558.5585585585586,51.0,2983.097889084362
576.5765765765766,51.0,3079.326853248374
594.5945945945947,51.0,3175.5558174123857
612.6126126126127,51.0,3271.7847815763976
630.6306306306307,51.0,3368.013745740409
648.6486486486488,51.0,3464.242709904421
666.6666666666666,51.0,3560.4716740684325
684.6846846846847,51.0,3656.700638232444
702.7027027027028,51.0,3752.929602396456
720.7207207207208,51.0,3849.1585665604675
738.7387387387387,51.0,3945.387530724479
756.7567567567569,51.0,4041.616494888491
774.7747747747749,51.0,4137.8454590525025
792.7927927927927,51.0,4234.074423216514
810.8108108108108,51.0,4330.303387380526
828.8288288288288,51.0,4426.532351544537
846.846846846847,51.0,4522.76131570855
864.8648648648649,51.0,4618.990279872561
882.8828828828829,51.0,4715.2192440365725
900.900900900901,51.0,4811.448208200584
918.9189189189191,51.0,4907.677172364596
936.9369369369371,51.0,5003.906136528608
954.954954954955,51.0,5100.13510069262
972.9729729729729,51.0,5196.364064856631
990.990990990991,51.0,5292.593029020643
1009.0090090090091,51.0,5388.821993184654
1027.027027027027,51.0,5485.050957348666
1045.045045045045,51.0,5581.279921512678
1063.063063063063,51.0,5677.50888567669
1081.081081081081,51.0,5773.737849840701
1099.0990990990992,51.0,5869.966814004713
1117.1171171171172,51.0,5966.195778168724
1135.1351351351352,51.0,6062.424742332737
1153.1531531531532,51.0,6158.653706496748
1171.1711711711712,51.0,6254.88267066076
1189.1891891891894,51.0,6351.1116348247715
1207.2072072072071,51.0,6447.340598988783
1225.2252252252254,51.0,6543.569563152795
1243.2432432432433,51.0,6639.798527316807
1261.2612612612613,51.0,6736.027491480818
1279.2792792792793,51.0,6832.25645564483
1297.2972972972975,51.0,6928.485419808842
1315.3153153153155,51.0,7024.714383972853
1333.3333333333333,51.0,7120.943348136865
1351.3513513513515,51.0,7217.172312300876
1369.3693693693695,51.0,7313.401276464888
1387.3873873873872,51.0,7409.6302406289
1405.4054054054056,51.0,7505.859204792912
1423.4234234234234,51.0,7602.088168956923
1441.4414414414416,51.0,7698.317133120935
1459.4594594594596,51.0,7794.546097284946
1477.4774774774774,51.0,7890.775061448958
1495.4954954954958,51.0,7987.0040256129705
1513.5135135135138,51.0,8083.232989776982
1531.5315315315315,51.0,8179.461953940993
1549.5495495495497,51.0,8275.690918105005
1567.5675675675675,51.0,8371.919882269016
1585.5855855855855,51.0,8468.148846433029
1603.603603603604,51.0,8564.377810597041
1621.6216216216217,51.0,8660.606774761052
1639.6396396396399,51.0,8756.835738925063
1657.6576576576576,51.0,8853.064703089074
1675.6756756756756,51.0,8949.293667253087
1693.693693693694,51.0,9045.5226314171
1711.7117117117118,51.0,9141.75159558111
1729.7297297297298,51.0,9237.980559745121
1747.7477477477476,51.0,9334.209523909134
1765.7657657657658,51.0,9430.438488073145
1783.7837837837842,51.0,9526.667452237158
1801.801801801802,51.0,9622.896416401169
1819.81981981982,51.0,9719.125380565181
1837.8378378378382,51.0,9815.354344729192
1855.855855855856,51.0,9911.583308893203
1873.8738738738741,51.0,10007.812273057216
1891.891891891892,51.0,10104.041237221227
1909.90990990991,51.0,10200.27020138524
1927.927927927928,51.0,10296.49916554925
1945.9459459459458,51.0,10392.728129713261
1963.963963963964,51.0,10488.957093877274
1981.981981981982,51.0,10585.186058041287
2000.0000000000002,51.0,10681.415022205298
2018.0180180180182,51.0,10777.643986369309
2036.036036036036,51.0,10873.872950533321
2054.054054054054,51.0,10970.101914697332
2072.0720720720724,51.0,11066.330878861345
2090.09009009009,51.0,11162.559843025356
2108.1081081081084,51.0,11258.788807189367
2126.126126126126,51.0,11355.01777135338
2144.1441441441443,51.0,11451.24673551739
2162.162162162162,51.0,11547.475699681401
2180.1801801801803,51.0,11643.704663845414
2198.1981981981985,51.0,11739.933628009427
2216.2162162162163,51.0,11836.162592173438
2234.2342342342345,51.0,11932.391556337448
2252.252252252252,51.0,12028.62052050146
2270.2702702702704,51.0,12124.849484665474
2288.2882882882886,51.0,12221.078448829485
2306.3063063063064,51.0,12317.307412993496
2324.3243243243246,51.0,12413.536377157507
2342.3423423423424,51.0,12509.76534132152
2360.3603603603606,51.0,12605.994305485532
2378.378378378379,51.0,12702.223269649543
2396.3963963963965,51.0,12798.452233813554
2414.4144144144143,51.0,12894.681197977567
2432.4324324324325,51.0,12990.910162141578
2450.4504504504507,51.0,13087.13912630559
2468.468468468469,51.0,13183.368090469601
2486.4864864864867,51.0,13279.597054633614
2504.5045045045044,51.0,13375.826018797625
2522.5225225225226,51.0,13472.054982961636
2540.540540540541,51.0,13568.283947125647
2558.5585585585586,51.0,13664.51291128966
2576.5765765765764,51.0,13760.74187545367
2594.594594594595,51.0,13856.970839617685
2612.6126126126132,51.0,13953.199803781696
2630.630630630631,51.0,14049.428767945707
2648.648648648649,51.0,14145.65773210972
2666.6666666666665,51.0,14241.88669627373
2684.6846846846847,51.0,14338.115660437741
2702.702702702703,51.0,14434.344624601752
2720.720720720721,51.0,14530.573588765765
2738.738738738739,51.0,14626.802552929776
2756.7567567567567,51.0,14723.031517093787
2774.7747747747744,51.0,14819.2604812578
2792.792792792793,51.0,14915.489445421812
2810.8108108108113,51.0,15011.718409585825
2828.8288288288295,51.0,15107.947373749836
2846.846846846847,51.0,15204.176337913847
2864.864864864865,51.0,15300.40530207786
2882.882882882883,51.0,15396.63426624187
2900.900900900901,51.0,15492.863230405881
2918.918918918919,51.0,15589.092194569892
2936.9369369369374,51.0,15685.321158733905
2954.9549549549547,51.0,15781.550122897916
2972.972972972973,51.0,15877.779087061926
2990.9909909909916,51.0,15974.008051225941
3009.00900900901,51.0,16070.237015389952
3027.0270270270275,51.0,16166.465979553965
3045.0450450450453,51.0,16262.694943717976
3063.063063063063,51.0,16358.923907881986
3081.0810810810813,51.0,16455.152872045997
3099.0990990990995,51.0,16551.38183621001
3117.1171171171172,51.0,16647.610800374023
3135.135135135135,51.0,16743.839764538032
3153.153153153153,51.0,16840.068728702045
3171.171171171171,51.0,16936.297692866057
3189.1891891891896,51.0,17032.52665703007
3207.207207207208,51.0,17128.755621194083
3225.225225225225,51.0,17224.984585358092
3243.2432432432433,51.0,17321.213549522105
3261.2612612612616,51.0,17417.442513686117
3279.2792792792798,51.0,17513.671477850126
3297.2972972972975,51.0,17609.90044201414
3315.3153153153153,51.0,17706.12940617815
3333.333333333333,51.0,17802.35837034216
3351.3513513513512,51.0,17898.587334506174
3369.36936936937,51.0,17994.816298670186
3387.387387387388,51.0,18091.0452628342
3405.4054054054054,51.0,18187.274226998208
3423.4234234234236,51.0,18283.50319116222
3441.441441441442,51.0,18379.732155326234
3459.4594594594596,51.0,18475.961119490243
3477.477477477478,51.0,18572.190083654255
3495.495495495495,51.0,18668.419047818268
3513.5135135135133,51.0,18764.648011982277
3531.5315315315315,51.0,18860.87697614629
3549.5495495495497,51.0,18957.105940310303
3567.5675675675684,51.0,19053.334904474315
3585.5855855855857,51.0,19149.563868638328
3603.603603603604,51.0,19245.792832802337
3621.6216216216217,51.0,19342.02179696635
3639.63963963964,51.0,19438.250761130363
3657.657657657658,51.0,19534.47972529437
3675.6756756756763,51.0,19630.708689458384
3693.6936936936936,51.0,19726.937653622394
3711.711711711712,51.0,19823.166617786406
3729.7297297297296,51.0,19919.39558195042
3747.7477477477482,51.0,20015.62454611443
3765.7657657657664,51.0,20111.853510278444
3783.783783783784,51.0,20208.082474442454
3801.801801801802,51.0,20304.311438606466
3819.81981981982,51.0,20400.54040277048
3837.8378378378384,51.0,20496.769366934488
3855.855855855856,51.0,20592.9983310985
3873.873873873874,51.0,20689.227295262514
3891.8918918918916,51.0,20785.456259426523
3909.90990990991,51.0,20881.685223590535
3927.927927927928,51.0,20977.914187754548
3945.9459459459467,51.0,21074.14315191856
3963.963963963964,51.0,21170.372116082573
3981.9819819819822,51.0,21266.601080246583
4000.0000000000005,50.77130044843049,21362.83004441059
4018.018018018018,50.54464285714285,21362.83004441059
4036.0360360360364,50.31999999999999,21362.83004441059
4054.0540540540546,50.09734513274336,21362.83004441059
4072.072072072072,49.87665198237885,21362.83004441059
4090.09009009009,49.6578947368421,21362.83004441059
4108.108108108108,49.4410480349345,21362.83004441059
4126.126126126126,49.226086956521726,21362.83004441059
4144.144144144145,49.012987012987004,21362.83004441059
4162.1621621621625,48.801724137931025,21362.83004441059
4180.18018018018,48.59227467811158,21362.83004441059
4198.198198198199,48.38461538461538,21362.83004441059
4216.216216216217,48.178723404255315,21362.83004441059
4234.2342342342345,47.974576271186436,21362.83004441059
4252.252252252252,47.77215189873417,21362.83004441059
4270.27027027027,47.57142857142857,21362.83004441059
4288.288288288289,47.372384937238486,21362.83004441059
4306.306306306306,47.175,21362.83004441059
4324.324324324324,46.979253112033184,21362.83004441059
4342.342342342343,46.78512396694214,21362.83004441059
4360.360360360361,46.59259259259259,21362.83004441059
4378.378378378378,46.401639344262286,21362.83004441059
4396.396396396397,46.212244897959174,21362.83004441059
4414.414414414415,46.02439024390243,21362.83004441059
4432.4324324324325,45.83805668016194,21362.83004441059
4450.45045045045,45.65322580645161,21362.83004441059
4468.468468468469,45.46987951807228,21362.83004441059
4486.486486486487,45.288,21362.83004441059
4504.504504504504,45.10756972111553,21362.83004441059
4522.522522522523,44.92857142857142,21362.83004441059
4540.540540540541,44.750988142292485,21362.83004441059
4558.558558558559,44.57480314960629,21362.83004441059
4576.576576576577,44.39999999999999,21362.83004441059
4594.594594594595,44.22656249999999,21362.83004441059
4612.612612612613,44.0544747081712,21362.83004441059
4630.630630630631,43.883720930232556,21362.83004441059
4648.648648648649,43.71428571428571,21362.83004441059
4666.666666666667,43.54615384615384,21362.83004441059
4684.684684684685,43.37931034482758,21362.83004441059
4702.702702702703,43.21374045801526,21362.83004441059
4720.720720720721,43.04942965779467,21362.83004441059
4738.738738738739,42.886363636363626,21362.83004441059
4756.756756756758,42.724528301886785,21362.83004441059
4774.774774774775,42.563909774436084,21362.83004441059
4792.792792792793,42.40449438202246,21362.83004441059
4810.810810810811,42.24626865671641,21362.83004441059
4828.828828828829,42.089219330855016,21362.83004441059
4846.846846846847,41.93333333333333,21362.83004441059
4864.864864864865,41.77859778597786,21362.83004441059
4882.882882882883,41.62499999999999,21362.83004441059
4900.900900900901,41.47252747252747,21362.83004441059
4918.918918918919,41.32116788321167,21362.83004441059
4936.936936936938,41.17090909090909,21362.83004441059
4954.954954954955,41.021739130434774,21362.83004441059
4972.972972972973,40.87364620938628,21362.83004441059
4990.990990990991,40.72661870503597,21362.83004441059
5009.009009009009,40.58064516129031,21362.83004441059
5027.0270270270275,40.43571428571428,21362.83004441059
5045.045045045045,40.29181494661921,21362.83004441059
5063.063063063064,40.148936170212764,21362.83004441059
5081.081081081082,40.00706713780918,21362.83004441059
5099.0990990990995,39.86619718309859,21362.83004441059
5117.117117117117,39.72631578947368,21362.83004441059
5135.135135135136,39.58741258741259,21362.83004441059
5153.153153153153,39.44947735191637,21362.83004441059
5171.171171171171,39.31249999999999,21362.83004441059
5189.18918918919,39.17647058823529,21362.83004441059
5207.207207207208,39.041379310344816,21362.83004441059
5225.2252252252265,38.90721649484536,21362.83004441059
5243.243243243243,38.77397260273972,21362.83004441059
5261.261261261262,38.64163822525597,21362.83004441059
5279.279279279279,38.510204081632644,21362.83004441059
5297.297297297298,38.37966101694915,21362.83004441059
5315.315315315315,38.24999999999999,21362.83004441059
5333.333333333333,38.12121212121212,21362.83004441059
5351.351351351352,37.993288590604024,21362.83004441059
5369.369369369369,37.866220735785944,21362.83004441059
5387.387387387389,37.739999999999995,21362.83004441059
5405.405405405406,37.61461794019933,21362.83004441059
5423.423423423424,37.490066225165556,21362.83004441059
5441.441441441442,37.36633663366336,21362.83004441059
5459.45945945946,37.243421052631575,21362.83004441059
5477.477477477478,37.12131147540983,21362.83004441059
5495.4954954954965,37.0,21362.83004441059
5513.513513513513,36.87947882736156,21362.83004441059
5531.531531531532,36.759740259740255,21362.83004441059
5549.549549549549,36.64077669902912,21362.83004441059
5567.567567567568,36.522580645161284,21362.83004441059
5585.585585585586,36.40514469453376,21362.83004441059
5603.603603603603,36.28846153846153,21362.83004441059
5621.621621621623,36.17252396166134,21362.83004441059
5639.639639639639,36.05732484076432,21362.83004441059
5657.657657657659,35.94285714285714,21362.83004441059
5675.675675675676,35.829113924050624,21362.83004441059
5693.693693693694,35.716088328075706,21362.83004441059
5711.711711711712,35.60377358490565,21362.83004441059
5729.72972972973,35.492163009404386,21362.83004441059
5747.747747747748,35.381249999999994,21362.83004441059
5765.765765765766,35.27102803738317,21362.83004441059
5783.783783783784,35.16149068322981,21362.83004441059
5801.801801801802,35.05263157894736,21362.83004441059
5819.819819819821,34.94444444444444,21362.83004441059
5837.837837837838,34.83692307692307,21362.83004441059
5855.855855855856,34.73006134969325,21362.83004441059
5873.873873873875,34.62385321100917,21362.83004441059
5891.891891891893,34.51829268292683,21362.83004441059
5909.909909909909,34.41337386018237,21362.83004441059
5927.927927927929,34.309090909090905,21362.83004441059
5945.945945945946,34.205438066465256,21362.83004441059
5963.9639639639645,34.10240963855421,21362.83004441059
5981.981981981983,33.99999999999999,21362.83004441059
6000.0,33.89820359281436,21362.83004441059
6018.01801801802,33.797014925373134,21362.83004441059
6036.036036036036,33.69642857142856,21362.83004441059
6054.054054054055,33.596439169139465,21362.83004441059
6072.072072072072,33.497041420118336,21362.83004441059
6090.090090090091,33.39823008849557,21362.83004441059
6108.108108108108,33.3,21362.83004441059
6126.126126126126,33.20234604105572,21362.83004441059
6144.144144144145,33.10526315789473,21362.83004441059
6162.1621621621625,33.008746355685126,21362.83004441059
6180.18018018018,32.91279069767442,21362.83004441059
6198.198198198199,32.81739130434782,21362.83004441059
6216.216216216217,32.72254335260115,21362.83004441059
6234.2342342342345,32.62824207492795,21362.83004441059
6252.252252252253,32.53448275862069,21362.83004441059
6270.27027027027,32.44126074498567,21362.83004441059
6288.28828828829,32.348571428571425,21362.83004441059
6306.306306306306,32.25641025641025,21362.83004441059
6324.324324324325,32.16477272727273,21362.83004441059
6342.342342342342,32.07365439093484,21362.83004441059
6360.360360360361,31.98305084745762,21362.83004441059
6378.378378378379,31.89295774647887,21362.83004441059
6396.396396396396,31.803370786516847,21362.83004441059
6414.414414414416,31.71428571428571,21362.83004441059
6432.4324324324325,31.62569832402234,21362.83004441059
6450.45045045045,31.53760445682451,21362.83004441059
6468.468468468469,31.449999999999996,21362.83004441059
6486.486486486487,31.36288088642659,21362.83004441059
6504.504504504505,31.27624309392265,21362.83004441059
6522.522522522523,31.19008264462809,21362.83004441059
6540.540540540541,31.1043956043956,21362.83004441059
6558.5585585585595,31.019178082191775,21362.83004441059
6576.576576576577,30.934426229508194,21362.83004441059
6594.594594594595,30.85013623978201,21362.83004441059
6612.612612612614,30.766304347826082,21362.83004441059
6630.630630630631,30.682926829268286,21362.83004441059
6648.648648648649,30.599999999999998,21362.83004441059
6666.666666666666,30.517520215633418,21362.83004441059
6684.684684684686,30.43548387096774,21362.83004441059
6702.7027027027025,30.3538873994638,21362.83004441059
6720.72072072072,30.272727272727266,21362.83004441059
6738.73873873874,30.191999999999997,21362.83004441059
6756.756756756757,30.11170212765957,21362.83004441059
6774.774774774776,30.031830238726787,21362.83004441059
6792.792792792793,29.952380952380945,21362.83004441059
6810.810810810811,29.873350923482846,21362.83004441059
6828.8288288288295,29.79473684210526,21362.83004441059
6846.846846846847,29.716535433070863,21362.83004441059
6864.864864864865,29.638743455497377,21362.83004441059
6882.882882882884,29.561357702349866,21362.83004441059
6900.9009009009005,29.484374999999996,21362.83004441059
6918.918918918919,29.407792207792202,21362.83004441059
6936.936936936938,29.331606217616578,21362.83004441059
6954.954954954956,29.255813953488367,21362.83004441059
6972.972972972973,29.180412371134018,21362.83004441059
6990.99099099099,29.105398457583544,21362.83004441059
7009.00900900901,29.030769230769227,21362.83004441059
7027.027027027027,28.95652173913043,21362.83004441059
7045.045045045046,28.882653061224488,21362.83004441059
7063.063063063063,28.809160305343507,21362.83004441059
7081.081081081081,28.736040609137053,21362.83004441059
7099.0990990990995,28.663291139240503,21362.83004441059
7117.117117117117,28.590909090909086,21362.83004441059
7135.135135135137,28.518891687657426,21362.83004441059
7153.153153153154,28.447236180904518,21362.83004441059
7171.171171171171,28.375939849624057,21362.83004441059
7189.189189189189,28.304999999999996,21362.83004441059
7207.207207207208,28.234413965087278,21362.83004441059
7225.225225225226,28.164179104477608,21362.83004441059
7243.243243243243,28.09429280397022,21362.83004441059
7261.261261261262,28.02475247524752,21362.83004441059
7279.27927927928,27.955555555555552,21362.83004441059
7297.297297297297,27.88669950738916,21362.83004441059
7315.315315315316,27.818181818181813,21362.83004441059
7333.333333333334,27.749999999999996,21362.83004441059
7351.351351351353,27.68215158924205,21362.83004441059
7369.36936936937,27.614634146341462,21362.83004441059
7387.387387387387,27.547445255474447,21362.83004441059
7405.405405405407,27.480582524271842,21362.83004441059
7423.423423423424,27.414043583535104,21362.83004441059
7441.441441441442,27.34782608695652,21362.83004441059
7459.459459459459,27.28192771084337,21362.83004441059
7477.477477477478,27.21634615384615,21362.83004441059
7495.4954954954965,27.151079136690644,21362.83004441059
7513.513513513513,27.08612440191387,21362.83004441059
7531.531531531533,27.021479713603817,21362.83004441059
7549.54954954955,26.957142857142852,21362.83004441059
7567.567567567568,26.893111638954867,21362.83004441059
7585.585585585586,26.82938388625592,21362.83004441059
7603.603603603604,26.765957446808507,21362.83004441059
7621.621621621623,26.70283018867924,21362.83004441059
7639.63963963964,26.639999999999997,21362.83004441059
7657.657657657657,26.577464788732392,21362.83004441059
7675.675675675677,26.515222482435593,21362.83004441059
7693.6936936936945,26.45327102803738,21362.83004441059
7711.711711711712,26.391608391608386,21362.83004441059
7729.729729729731,26.33023255813953,21362.83004441059
7747.747747747748,26.2691415313225,21362.83004441059
7765.765765765766,26.208333333333332,21362.83004441059
7783.783783783783,26.147806004618932,21362.83004441059
7801.801801801803,26.087557603686633,21362.83004441059
7819.81981981982,26.027586206896547,21362.83004441059
7837.837837837838,25.96788990825688,21362.83004441059
7855.855855855856,25.908466819221964,21362.83004441059
7873.873873873874,25.849315068493144,21362.83004441059
7891.8918918918935,25.79043280182232,21362.83004441059
7909.90990990991,25.731818181818177,21362.83004441059
7927.927927927928,25.673469387755098,21362.83004441059
7945.945945945947,25.61538461538461,21362.83004441059
7963.9639639639645,25.557562076749434,21362.83004441059
7981.981981981982,25.499999999999996,21362.83004441059
8000.000000000001,25.44269662921348,21362.83004441059
8018.018018018019,25.385650224215244,21362.83004441059
8036.036036036036,25.32885906040268,21362.83004441059
8054.054054054054,25.272321428571423,21362.83004441059
8072.072072072073,25.21603563474387,21362.83004441059
8090.090090090091,25.159999999999997,21362.83004441059
8108.108108108109,25.104212860310415,21362.83004441059
8126.126126126127,25.04867256637168,21362.83004441059
8144.144144144144,24.993377483443705,21362.83004441059
8162.162162162163,24.938325991189426,21362.83004441059
8180.18018018018,24.88351648351648,21362.83004441059
8198.198198198199,24.82894736842105,21362.83004441059
8216.216216216217,24.774617067833695,21362.83004441059
8234.234234234234,24.72052401746725,21362.83004441059
8252.252252252252,24.666666666666664,21362.83004441059
8270.27027027027,24.613043478260863,21362.83004441059
8288.28828828829,24.559652928416483,21362.83004441059
8306.306306306307,24.506493506493502,21362.83004441059
8324.324324324325,24.453563714902806,21362.83004441059
8342.342342342343,24.400862068965512,21362.83004441059
8360.36036036036,24.348387096774193,21362.83004441059
8378.378378378378,24.29613733905579,21362.83004441059
8396.396396396398,24.2441113490364,21362.83004441059
8414.414414414414,24.19230769230769,21362.83004441059
8432.432432432433,24.140724946695094,21362.83004441059
8450.45045045045,24.089361702127658,21362.83004441059
8468.468468468469,24.03821656050955,21362.83004441059
8486.486486486487,23.987288135593218,21362.83004441059
8504.504504504504,23.936575052854117,21362.83004441059
8522.522522522524,23.886075949367086,21362.83004441059
8540.54054054054,23.835789473684205,21362.83004441059
8558.55855855856,23.785714285714285,21362.83004441059
8576.576576576577,23.73584905660377,21362.83004441059
8594.594594594595,23.686192468619243,21362.83004441059
8612.612612612613,23.636743215031313,21362.83004441059
8630.63063063063,23.5875,21362.83004441059
8648.648648648648,23.538461538461537,21362.83004441059
8666.666666666668,23.489626556016592,21362.83004441059
8684.684684684686,23.440993788819874,21362.83004441059
8702.702702702703,23.39256198347107,21362.83004441059
8720.720720720721,23.344329896907215,21362.83004441059
8738.738738738739,23.296296296296294,21362.83004441059
8756.756756756757,23.248459958932237,21362.83004441059
8774.774774774774,23.200819672131143,21362.83004441059
8792.792792792794,23.153374233128833,21362.83004441059
8810.81081081081,23.106122448979587,21362.83004441059
8828.82882882883,23.059063136456206,21362.83004441059
8846.846846846847,23.012195121951216,21362.83004441059
8864.864864864865,22.965517241379306,21362.83004441059
8882.882882882885,22.91902834008097,21362.83004441059
8900.9009009009,22.872727272727268,21362.83004441059
8918.91891891892,22.826612903225804,21362.83004441059
8936.936936936938,22.780684104627763,21362.83004441059
8954.954954954956,22.73493975903614,21362.83004441059
8972.972972972973,22.689378757515026,21362.83004441059
8990.990990990991,22.644,21362.83004441059
9009.009009009009,22.598802395209578,21362.83004441059
9027.027027027028,22.553784860557766,21362.83004441059
9045.045045045046,22.50894632206759,21362.83004441059
9063.063063063064,22.46428571428571,21362.83004441059
9081.081081081082,22.419801980198017,21362.83004441059
9099.0990990991,22.375494071146242,21362.83004441059
9117.117117117117,22.33136094674556,21362.83004441059
9135.135135135135,22.287401574803145,21362.83004441059
9153.153153153155,22.24361493123772,21362.83004441059
9171.17117117117,22.199999999999996,21362.83004441059
9189.18918918919,22.15655577299413,21362.83004441059
9207.207207207208,22.113281249999996,21362.83004441059
9225.225225225226,22.070175438596486,21362.83004441059
9243.243243243245,22.0272373540856,21362.83004441059
9261.261261261261,21.98446601941747,21362.83004441059
9279.27927927928,21.941860465116278,21362.83004441059
9297.297297297298,21.899419729206958,21362.83004441059
9315.315315315316,21.857142857142854,21362.83004441059
9333.333333333334,21.815028901734102,21362.83004441059
9351.351351351352,21.77307692307692,21362.83004441059
9369.36936936937,21.73128598848368,21362.83004441059
9387.387387387387,21.68965517241379,21362.83004441059
9405.405405405407,21.64818355640535,21362.83004441059
9423.423423423425,21.60687022900763,21362.83004441059
9441.441441441442,21.565714285714282,21362.83004441059
9459.45945945946,21.524714828897334,21362.83004441059
9477.477477477478,21.483870967741932,21362.83004441059
9495.495495495496,21.443181818181813,21362.83004441059
9513.513513513515,21.402646502835537,21362.83004441059
9531.531531531531,21.362264150943393,21362.83004441059
9549.54954954955,21.322033898305083,21362.83004441059
9567.567567567568,21.281954887218042,21362.83004441059
9585.585585585586,21.24202626641651,21362.83004441059
9603.603603603604,21.20224719101123,21362.83004441059
9621.621621621622,21.162616822429904,21362.83004441059
9639.639639639641,21.123134328358205,21362.83004441059
9657.657657657657,21.08379888268156,21362.83004441059
9675.675675675677,21.044609665427508,21362.83004441059
9693.693693693695,21.005565862708718,21362.83004441059
9711.711711711712,20.966666666666665,21362.83004441059
9729.72972972973,20.927911275415894,21362.83004441059
9747.747747747748,20.88929889298893,21362.83004441059
9765.765765765766,20.850828729281766,21362.83004441059
9783.783783783785,20.812499999999996,21362.83004441059
9801.801801801803,20.7743119266055,21362.83004441059
9819.819819819822,20.736263736263734,21362.83004441059
9837.837837837838,20.698354661791587,21362.83004441059
9855.855855855856,20.660583941605836,21362.83004441059
9873.873873873876,20.622950819672127,21362.83004441059
9891.891891891893,20.585454545454546,21362.83004441059
9909.90990990991,20.5480943738657,21362.83004441059
9927.927927927927,20.510869565217387,21362.83004441059
9945.945945945947,20.473779385171785,21362.83004441059
9963.963963963964,20.43682310469314,21362.83004441059
9981.981981981982,20.4,21362.83004441059
10000.0,20.363309352517984,21362.83004441059
10018.018018018018,20.32675044883303,21362.83004441059
10036.036036036037,20.290322580645157,21362.83004441059
10054.054054054055,20.254025044722717,21362.83004441059
10072.072072072073,20.21785714285714,21362.83004441059
10090.09009009009,20.18181818181818,21362.83004441059
10108.108108108108,20.145907473309606,21362.83004441059
10126.126126126128,20.1101243339254,21362.83004441059
10144.144144144144,20.074468085106382,21362.83004441059
10162.162162162163,20.038938053097343,21362.83004441059
10180.180180180181,20.00353356890459,21362.83004441059
10198.198198198199,19.968253968253965,21362.83004441059
10216.216216216219,19.933098591549296,21362.83004441059
10234.234234234234,19.89806678383128,21362.83004441059
10252.252252252254,19.86315789473684,21362.83004441059
10270.270270270272,19.82837127845884,21362.83004441059
10288.28828828829,19.793706293706293,21362.83004441059
10306.306306306305,19.75916230366492,21362.83004441059
10324.324324324325,19.724738675958186,21362.83004441059
10342.342342342343,19.69043478260869,21362.83004441059
10360.360360360362,19.656249999999996,21362.83004441059
10378.37837837838,19.62218370883882,21362.83004441059
10396.396396396396,19.588235294117645,21362.83004441059
10414.414414414416,19.554404145077715,21362.83004441059
10432.432432432433,19.520689655172408,21362.83004441059
10450.450450450453,19.48709122203098,21362.83004441059
10468.468468468467,19.45360824742268,21362.83004441059
10486.486486486487,19.420240137221267,21362.83004441059
10504.504504504506,19.38698630136986,21362.83004441059
10522.522522522524,19.353846153846153,21362.83004441059
10540.54054054054,19.320819112627984,21362.83004441059
10558.558558558558,19.28790459965928,21362.83004441059
10576.576576576577,19.255102040816322,21362.83004441059
10594.594594594597,19.22241086587436,21362.83004441059
10612.612612612615,19.189830508474575,21362.83004441059
10630.63063063063,19.157360406091367,21362.83004441059
10648.648648648648,19.124999999999996,21362.83004441059
10666.666666666666,19.092748735244516,21362.83004441059
10684.684684684687,19.06060606060606,21362.83004441059
10702.702702702703,19.02857142857143,21362.83004441059
10720.720720720721,18.996644295302012,21362.83004441059
10738.738738738739,18.964824120603012,21362.83004441059
10756.756756756757,18.933110367892972,21362.83004441059
10774.774774774778,18.90150250417362,21362.83004441059
10792.792792792794,18.869999999999997,21362.83004441059
10810.810810810812,18.83860232945091,21362.83004441059
10828.82882882883,18.807308970099665,21362.83004441059
10846.846846846847,18.776119402985074,21362.83004441059
10864.864864864865,18.745033112582778,21362.83004441059
10882.882882882885,18.714049586776856,21362.83004441059
10900.900900900902,18.68316831683168,21362.83004441059
10918.91891891892,18.652388797364086,21362.83004441059
10936.936936936936,18.621710526315788,21362.83004441059
10954.954954954956,18.591133004926107,21362.83004441059
10972.972972972973,18.560655737704916,21362.83004441059
10990.990990990993,18.530278232405887,21362.83004441059
11009.00900900901,18.5,21362.83004441059
11027.027027027027,18.469820554649264,21362.83004441059
11045.045045045046,18.43973941368078,21362.83004441059
11063.063063063064,18.409756097560972,21362.83004441059
11081.081081081082,18.379870129870127,21362.83004441059
11099.099099099098,18.350081037277146,21362.83004441059
11117.117117117117,18.32038834951456,21362.83004441059
11135.135135135137,18.290791599353792,21362.83004441059
11153.153153153155,18.261290322580642,21362.83004441059
11171.171171171172,18.231884057971012,21362.83004441059
11189.189189189188,18.20257234726688,21362.83004441059
11207.207207207206,18.173354735152486,21362.83004441059
11225.225225225227,18.144230769230766,21362.83004441059
11243.243243243245,18.115199999999998,21362.83004441059
11261.261261261261,18.08626198083067,21362.83004441059
11279.279279279279,18.057416267942582,21362.83004441059
11297.297297297297,18.02866242038216,21362.83004441059
11315.315315315318,18.0,21362.83004441059
11333.333333333334,17.97142857142857,21362.83004441059
11351.351351351352,17.94294770206022,21362.83004441059
11369.36936936937,17.914556962025312,21362.83004441059
11387.387387387387,17.886255924170612,21362.83004441059
11405.405405405409,17.858044164037853,21362.83004441059
11423.423423423425,17.829921259842518,21362.83004441059
11441.441441441442,17.801886792452827,21362.83004441059
11459.45945945946,17.773940345368914,21362.83004441059
11477.477477477478,17.746081504702193,21362.83004441059
11495.495495495496,17.718309859154928,21362.83004441059
11513.513513513513,17.690624999999997,21362.83004441059
11531.531531531533,17.66302652106084,21362.83004441059
11549.54954954955,17.635514018691584,21362.83004441059
11567.567567567568,17.608087091757387,21362.83004441059
11585.585585585586,17.580745341614904,21362.83004441059
11603.603603603604,17.55348837209302,21362.83004441059
11621.621621621622,17.52631578947368,21362.83004441059
11639.639639639641,17.49922720247295,21362.83004441059
11657.657657657659,17.47222222222222,21362.83004441059
11675.675675675677,17.445300462249612,21362.83004441059
11693.693693693695,17.418461538461536,21362.83004441059
11711.711711711712,17.39170506912442,21362.83004441059
11729.729729729732,17.365030674846626,21362.83004441059
11747.74774774775,17.33843797856049,21362.83004441059
11765.765765765767,17.311926605504585,21362.83004441059
11783.783783783785,17.285496183206103,21362.83004441059
11801.801801801803,17.259146341463413,21362.83004441059
11819.819819819819,17.232876712328764,21362.83004441059
11837.83783783784,17.206686930091184,21362.83004441059
11855.855855855858,17.18057663125948,21362.83004441059
11873.873873873876,17.154545454545453,21362.83004441059
11891.891891891892,17.1285930408472,21362.83004441059
11909.90990990991,17.102719033232628,21362.83004441059
11927.927927927929,17.076923076923073,21362.83004441059
11945.945945945949,17.051204819277103,21362.83004441059
11963.963963963966,17.025563909774434,21362.83004441059
11981.981981981982,16.999999999999996,21362.83004441059
12000.0,16.974512743628182,21362.83004441059
12018.01801801802,16.94910179640718,21362.83004441059
12036.03603603604,16.923766816143498,21362.83004441059
12054.054054054053,16.898507462686567,21362.83004441059
12072.072072072073,16.87332339791356,21362.83004441059
12090.09009009009,16.84821428571428,21362.83004441059
12108.10810810811,16.823179791976223,21362.83004441059
12126.126126126128,16.798219584569733,21362.83004441059
12144.144144144144,16.77333333333333,21362.83004441059
12162.162162162162,16.748520710059168,21362.83004441059
12180.180180180181,16.723781388478578,21362.83004441059
12198.1981981982,16.699115044247787,21362.83004441059
12216.216216216217,16.674521354933724,21362.83004441059
12234.234234234234,16.65,21362.83004441059
12252.252252252252,16.62555066079295,21362.83004441059
12270.270270270272,16.60117302052786,21362.83004441059
12288.28828828829,16.576866764275255,21362.83004441059
12306.306306306307,16.552631578947366,21362.83004441059
12324.324324324325,16.52846715328467,21362.83004441059
12342.342342342343,16.504373177842563,21362.83004441059
12360.36036036036,16.480349344978166,21362.83004441059
12378.37837837838,16.45639534883721,21362.83004441059
12396.396396396398,16.43251088534107,21362.83004441059
12414.414414414416,16.40869565217391,21362.83004441059
12432.432432432433,16.384949348769897,21362.83004441059
12450.45045045045,16.361271676300575,21362.83004441059
12468.468468468469,16.337662337662337,21362.83004441059
12486.486486486489,16.314121037463973,21362.83004441059
12504.504504504506,16.290647482014386,21362.83004441059
12522.522522522524,16.267241379310345,21362.83004441059
12540.54054054054,16.24390243902439,21362.83004441059
12558.55855855856,16.220630372492835,21362.83004441059
12576.57657657658,16.19742489270386,21362.83004441059
12594.594594594597,16.174285714285713,21362.83004441059
12612.612612612613,16.151212553495004,21362.83004441059
12630.63063063063,16.128205128205124,21362.83004441059
12648.64864864865,16.105263157894733,21362.83004441059
12666.666666666668,16.082386363636363,21362.83004441059
12684.684684684684,16.059574468085106,21362.83004441059
12702.702702702703,16.03682719546742,21362.83004441059
12720.720720720721,16.01414427157001,21362.83004441059
12738.73873873874,15.99152542372881,21362.83004441059
12756.756756756758,15.968970380818053,21362.83004441059
12774.774774774774,15.946478873239435,21362.83004441059
12792.792792792792,15.92405063291139,21362.83004441059
12810.810810810812,15.901685393258424,21362.83004441059
12828.828828828831,15.87938288920056,21362.83004441059
12846.846846846847,15.857142857142856,21362.83004441059
12864.864864864865,15.834965034965032,21362.83004441059
12882.882882882883,15.81284916201117,21362.83004441059
12900.9009009009,15.790794979079495,21362.83004441059
12918.918918918922,15.768802228412255,21362.83004441059
12936.936936936938,15.746870653685672,21362.83004441059
12954.954954954956,15.724999999999998,21362.83004441059
12972.972972972973,15.703190013869623,21362.83004441059
12990.990990990991,15.681440443213296,21362.83004441059
13009.00900900901,15.659751037344396,21362.83004441059
13027.027027027028,15.638121546961324,21362.83004441059
13045.045045045046,15.616551724137928,21362.83004441059
13063.063063063064,15.595041322314046,21362.83004441059
13081.081081081082,15.573590096286106,21362.83004441059
13099.0990990991,15.5521978021978,21362.83004441059
13117.117117117119,15.530864197530862,21362.83004441059
13135.135135135137,15.509589041095888,21362.83004441059
13153.153153153155,15.488372093023255,21362.83004441059
13171.17117117117,15.467213114754097,21362.83004441059
13189.18918918919,15.446111869031375,21362.83004441059
13207.207207207208,15.425068119891005,21362.83004441059
13225.225225225227,15.40408163265306,21362.83004441059
13243.243243243243,15.383152173913041,21362.83004441059
13261.261261261261,15.362279511533242,21362.83004441059
13279.27927927928,15.341463414634143,21362.83004441059
13297.297297297298,15.320703653585923,21362.83004441059
13315.315315315318,15.299999999999999,21362.83004441059
13333.333333333332,15.279352226720645,21362.83004441059
13351.351351351352,15.258760107816709,21362.83004441059
13369.369369369371,15.238223418573348,21362.83004441059
13387.387387387389,15.21774193548387,21362.83004441059
13405.405405405405,15.19731543624161,21362.83004441059
13423.423423423423,15.1769436997319,21362.83004441059
13441.44144144144,15.156626506024093,21362.83004441059
13459.459459459462,15.136363636363633,21362.83004441059
13477.47747747748,15.116154873164218,21362.83004441059
13495.495495495496,15.095999999999998,21362.83004441059
13513.513513513513,15.075898801597868,21362.83004441059
13531.531531531531,15.055851063829785,21362.83004441059
13549.549549549552,15.035856573705178,21362.83004441059
13567.567567567568,15.015915119363394,21362.83004441059
13585.585585585586,14.996026490066223,21362.83004441059
13603.603603603604,14.976190476190473,21362.83004441059
13621.621621621622,14.956406869220606,21362.83004441059
13639.63963963964,14.936675461741423,21362.83004441059
13657.657657657659,14.916996047430828,21362.83004441059
13675.675675675677,14.89736842105263,21362.83004441059
13693.693693693695,14.877792378449406,21362.83004441059
13711.711711711712,14.858267716535432,21362.83004441059
13729.72972972973,14.838794233289644,21362.83004441059
13747.747747747748,14.819371727748688,21362.83004441059
13765.765765765767,14.799999999999997,21362.83004441059
13783.783783783785,14.780678851174933,21362.83004441059
13801.801801801801,14.76140808344198,21362.83004441059
13819.81981981982,14.742187499999998,21362.83004441059
13837.837837837838,14.72301690507152,21362.83004441059
13855.855855855858,14.703896103896101,21362.83004441059
13873.873873873876,14.684824902723735,21362.83004441059
13891.891891891892,14.665803108808289,21362.83004441059
13909.909909909911,14.646830530401033,21362.83004441059
13927.927927927929,14.627906976744184,21362.83004441059
13945.945945945947,14.609032258064515,21362.83004441059
13963.963963963963,14.590206185567009,21362.83004441059
13981.98198198198,14.57142857142857,21362.83004441059
14000.000000000002,14.552699228791772,21362.83004441059
14018.01801801802,14.534017971758662,21362.83004441059
14036.036036036037,14.515384615384614,21362.83004441059
14054.054054054053,14.496798975672213,21362.83004441059
14072.072072072071,14.478260869565215,21362.83004441059
14090.090090090092,14.459770114942526,21362.83004441059
14108.10810810811,14.441326530612244,21362.83004441059
14126.126126126126,14.422929936305732,21362.83004441059
14144.144144144144,14.404580152671754,21362.83004441059
14162.162162162162,14.386277001270646,21362.83004441059
14180.180180180183,14.368020304568526,21362.83004441059
14198.198198198199,14.349809885931558,21362.83004441059
14216.216216216217,14.331645569620251,21362.83004441059
14234.234234234234,14.313527180783815,21362.83004441059
14252.252252252252,14.295454545454543,21362.83004441059
14270.270270270274,14.277427490542243,21362.83004441059
14288.288288288288,14.259445843828713,21362.83004441059
14306.306306306307,14.241509433962262,21362.83004441059
14324.324324324325,14.223618090452259,21362.83004441059
14342.342342342343,14.205771643663738,21362.83004441059
14360.36036036036,14.187969924812029,21362.83004441059
14378.378378378378,14.170212765957444,21362.83004441059
14396.396396396398,14.152499999999998,21362.83004441059
14414.414414414416,14.134831460674155,21362.83004441059
14432.432432432433,14.117206982543639,21362.83004441059
14450.450450450451,14.099626400996263,21362.83004441059
14468.468468468469,14.082089552238804,21362.83004441059
14486.486486486487,14.064596273291922,21362.83004441059
14504.504504504506,14.04714640198511,21362.83004441059
14522.522522522524,14.029739776951672,21362.83004441059
14540.540540540542,14.01237623762376,21362.83004441059
14558.55855855856,13.995055624227438,21362.83004441059
14576.576576576577,13.977777777777776,21362.83004441059
14594.594594594593,13.960542540073982,21362.83004441059
14612.612612612615,13.94334975369458,21362.83004441059
14630.630630630632,13.926199261992618,21362.83004441059
14648.64864864865,13.909090909090907,21362.83004441059
14666.666666666668,13.8920245398773,21362.83004441059
14684.684684684684,13.874999999999998,21362.83004441059
14702.702702702705,13.85801713586291,21362.83004441059
14720.720720720723,13.841075794621025,21362.83004441059
14738.73873873874,13.824175824175823,21362.83004441059
14756.756756756757,13.807317073170731,21362.83004441059
14774.774774774774,13.7904993909866,21362.83004441059
14792.792792792794,13.773722627737223,21362.83004441059
14810.810810810814,13.756986634264882,21362.83004441059
14828.828828828831,13.740291262135921,21362.83004441059
14846.846846846847,13.723636363636363,21362.83004441059
14864.864864864865,13.707021791767552,21362.83004441059
14882.882882882885,13.690447400241835,21362.83004441059
14900.900900900902,13.67391304347826,21362.83004441059
14918.918918918918,13.65741857659831,21362.83004441059
14936.936936936938,13.640963855421685,21362.83004441059
14954.954954954956,13.624548736462092,21362.83004441059
14972.972972972975,13.608173076923075,21362.83004441059
14990.990990990993,13.591836734693876,21362.83004441059
15009.009009009009,13.575539568345322,21362.83004441059
15027.027027027027,13.559281437125746,21362.83004441059
15045.045045045046,13.543062200956935,21362.83004441059
15063.063063063066,13.526881720430106,21362.83004441059
15081.081081081082,13.510739856801909,21362.83004441059
15099.0990990991,13.494636471990463,21362.83004441059
15117.117117117117,13.478571428571426,21362.83004441059
15135.135135135137,13.462544589774078,21362.83004441059
15153.153153153155,13.446555819477434,21362.83004441059
15171.171171171172,13.430604982206404,21362.83004441059
15189.18918918919,13.41469194312796,21362.83004441059
15207.207207207208,13.398816568047335,21362.83004441059
15225.225225225226,13.382978723404253,21362.83004441059
15243.243243243245,13.367178276269184,21362.83004441059
15261.261261261263,13.35141509433962,21362.83004441059
15279.27927927928,13.335689045936393,21362.83004441059
15297.297297297298,13.319999999999999,21362.83004441059
15315.315315315314,13.304347826086955,21362.83004441059
15333.333333333334,13.288732394366196,21362.83004441059
15351.351351351354,13.273153575615472,21362.83004441059
15369.369369369371,13.257611241217797,21362.83004441059
15387.387387387389,13.242105263157894,21362.83004441059
15405.405405405405,13.22663551401869,21362.83004441059
15423.423423423425,13.211201866977827,21362.83004441059
15441.441441441444,13.195804195804193,21362.83004441059
15459.459459459462,13.180442374854481,21362.83004441059
15477.477477477478,13.165116279069766,21362.83004441059
15495.495495495496,13.149825783972123,21362.83004441059
15513.513513513515,13.13457076566125,21362.83004441059
15531.531531531533,13.119351100811123,21362.83004441059
15549.549549549549,13.104166666666666,21362.83004441059
15567.567567567567,13.08901734104046,21362.83004441059
15585.585585585586,13.073903002309466,21362.83004441059
15603.603603603606,13.058823529411763,21362.83004441059
15621.621621621623,13.043778801843317,21362.83004441059
15639.63963963964,13.028768699654774,21362.83004441059
15657.657657657657,13.013793103448274,21362.83004441059
15675.675675675677,12.99885189437428,21362.83004441059
15693.693693693696,12.98394495412844,21362.83004441059
15711.711711711712,12.969072164948452,21362.83004441059
15729.72972972973,12.954233409610982,21362.83004441059
15747.747747747748,12.93942857142857,21362.83004441059
15765.765765765766,12.924657534246572,21362.83004441059
15783.783783783787,12.909920182440136,21362.83004441059
15801.801801801803,12.89521640091116,21362.83004441059
15819.81981981982,12.880546075085322,21362.83004441059
15837.837837837838,12.865909090909089,21362.83004441059
15855.855855855856,12.851305334846764,21362.83004441059
15873.873873873874,12.836734693877549,21362.83004441059
15891.891891891893,12.822197055492637,21362.83004441059
15909.909909909911,12.807692307692305,21362.83004441059
15927.927927927929,12.79322033898305,21362.83004441059
15945.945945945947,12.778781038374717,21362.83004441059
15963.963963963964,12.764374295377676,21362.83004441059
15981.981981981984,12.749999999999998,21362.83004441059
16000.000000000002,12.735658042744655,21362.83004441059
16018.01801801802,12.72134831460674,21362.83004441059
16036.036036036037,12.707070707070706,21362.83004441059
16054.054054054055,12.692825112107622,21362.83004441059
16072.072072072073,12.67861142217245,21362.83004441059
16090.090090090092,12.66442953020134,21362.83004441059
16108.108108108108,12.650279329608937,21362.83004441059
16126.126126126128,12.636160714285712,21362.83004441059
16144.144144144146,12.622073578595316,21362.83004441059
16162.162162162163,12.608017817371936,21362.83004441059
16180.180180180181,12.593993325917685,21362.83004441059
16198.198198198197,12.579999999999998,21362.83004441059
16216.216216216219,12.566037735849054,21362.83004441059
16234.234234234236,12.552106430155208,21362.83004441059
16252.252252252254,12.538205980066444,21362.83004441059
16270.27027027027,12.52433628318584,21362.83004441059
16288.288288288288,12.510497237569059,21362.83004441059
16306.30630630631,12.496688741721853,21362.83004441059
16324.324324324327,12.482910694597573,21362.83004441059
16342.342342342345,12.469162995594713,21362.83004441059
16360.36036036036,12.455445544554454,21362.83004441059
16378.378378378378,12.44175824175824,21362.83004441059
16396.396396396398,12.428100987925355,21362.83004441059
16414.414414414416,12.414473684210526,21362.83004441059
16432.432432432433,12.400876232201531,21362.83004441059
16450.45045045045,12.387308533916848,21362.83004441059
16468.46846846847,12.373770491803276,21362.83004441059
16486.48648648649,12.360262008733624,21362.83004441059
16504.504504504504,12.34678298800436,21362.83004441059
16522.522522522522,12.333333333333332,21362.83004441059
16540.54054054054,12.319912948857452,21362.83004441059
16558.558558558558,12.306521739130432,21362.83004441059
16576.57657657658,12.29315960912052,21362.83004441059
16594.594594594597,12.279826464208242,21362.83004441059
16612.612612612615,12.26652221018418,21362.83004441059
16630.630630630632,12.253246753246751,21362.83004441059
16648.64864864865,12.239999999999998,21362.83004441059
16666.666666666668,12.226781857451403,21362.83004441059
16684.684684684686,12.213592233009708,21362.83004441059
16702.702702702703,12.200431034482756,21362.83004441059
16720.72072072072,12.187298170075348,21362.83004441059
16738.73873873874,12.174193548387096,21362.83004441059
16756.756756756757,12.16111707841031,21362.83004441059
16774.774774774778,12.148068669527895,21362.83004441059
16792.792792792796,12.135048231511252,21362.83004441059
16810.810810810814,12.1220556745182,21362.83004441059
16828.828828828828,12.109090909090908,21362.83004441059
16846.84684684685,12.096153846153845,21362.83004441059
16864.864864864867,12.083244397011738,21362.83004441059
16882.882882882885,12.070362473347547,21362.83004441059
16900.9009009009,12.057507987220447,21362.83004441059
16918.91891891892,12.044680851063829,21362.83004441059
16936.936936936938,12.031880977683313,21362.83004441059
16954.954954954956,12.019108280254775,21362.83004441059
16972.972972972973,12.006362672322375,21362.83004441059
16990.99099099099,11.993644067796609,21362.83004441059
17009.00900900901,11.98095238095238,21362.83004441059
17027.02702702703,11.968287526427059,21362.83004441059
17045.045045045048,11.955649419218584,21362.83004441059
17063.063063063062,11.943037974683543,21362.83004441059
17081.08108108108,11.930453108535298,21362.83004441059
17099.099099099098,11.917894736842102,21362.83004441059
17117.11711711712,11.905362776025234,21362.83004441059
17135.135135135137,11.892857142857142,21362.83004441059
17153.153153153155,11.8803777544596,21362.83004441059
17171.171171171172,11.867924528301884,21362.83004441059
17189.18918918919,11.855497382198951,21362.83004441059
17207.20720720721,11.843096234309622,21362.83004441059
17225.225225225226,11.830721003134794,21362.83004441059
17243.243243243243,11.818371607515656,21362.83004441059
17261.26126126126,11.806047966631906,21362.83004441059
17279.27927927928,11.79375,21362.83004441059
17297.297297297297,11.781477627471382,21362.83004441059
17315.315315315318,11.769230769230768,21362.83004441059
17333.333333333336,11.75700934579439,21362.83004441059
17351.351351351354,11.744813278008296,21362.83004441059
17369.36936936937,11.73264248704663,21362.83004441059
17387.38738738739,11.720496894409937,21362.83004441059
17405.405405405407,11.708376421923473,21362.83004441059
17423.423423423425,11.696280991735534,21362.83004441059
17441.441441441442,11.68421052631579,21362.83004441059
17459.45945945946,11.672164948453608,21362.83004441059
17477.477477477478,11.660144181256435,21362.83004441059
17495.495495495496,11.648148148148147,21362.83004441059
17513.513513513513,11.636176772867419,21362.83004441059
17531.531531531535,11.624229979466119,21362.83004441059
17549.54954954955,11.612307692307692,21362.83004441059
17567.56756756757,11.600409836065571,21362.83004441059
17585.585585585588,11.588536335721594,21362.83004441059
17603.603603603606,11.576687116564417,21362.83004441059
17621.62162162162,11.564862104187945,21362.83004441059
17639.639639639638,11.553061224489793,21362.83004441059
17657.65765765766,11.541284403669723,21362.83004441059
17675.675675675677,11.529531568228103,21362.83004441059
17693.693693693695,11.517802644964393,21362.83004441059
17711.711711711712,11.506097560975608,21362.83004441059
17729.72972972973,11.49441624365482,21362.83004441059
17747.74774774775,11.482758620689653,21362.83004441059
17765.76576576577,11.47112462006079,21362.83004441059
17783.783783783783,11.459514170040485,21362.83004441059
17801.8018018018,11.447927199191101,21362.83004441059
17819.81981981982,11.436363636363634,21362.83004441059
17837.83783783784,11.424823410696266,21362.83004441059
17855.855855855858,11.413306451612902,21362.83004441059
17873.873873873876,11.401812688821751,21362.83004441059
17891.891891891893,11.390342052313882,21362.83004441059
17909.90990990991,11.378894472361807,21362.83004441059
17927.927927927933,11.36746987951807,21362.83004441059
17945.945945945947,11.35606820461384,21362.83004441059
17963.963963963964,11.344689378757513,21362.83004441059
17981.981981981982,11.333333333333332,21362.83004441059
